{"cameraMode":{"drawMode":0,"name":"Shaded","section":"Shading Mode"},"sceneLighting":false,"audioPlay":false,"sceneViewState":{"m_AlwaysRefresh":false,"showFog":true,"showSkybox":false,"showFlares":true,"showImageEffects":true,"showParticleSystems":true,"showVisualEffectGraphs":true,"m_FxEnabled":true},"in2DMode":false,"pivot":{"x":0.010554224252700806,"y":0.10324395447969437,"z":0.008305862545967102},"rotation":{"x":0.055470604449510577,"y":0.0059905387461185459,"z":-0.00033322590752504766,"w":0.9984453320503235},"size":5.030864238739014,"orthographic":true}