{"cameraMode":{"drawMode":0,"name":"Shaded","section":"Shading Mode"},"sceneLighting":true,"audioPlay":false,"sceneViewState":{"m_AlwaysRefresh":false,"showFog":true,"showSkybox":true,"showFlares":true,"showImageEffects":true,"showParticleSystems":true,"showVisualEffectGraphs":true,"m_FxEnabled":true},"in2DMode":false,"pivot":{"x":1525.2696533203125,"y":515.8986206054688,"z":101.28616333007813},"rotation":{"x":0.055470604449510577,"y":0.0059905387461185459,"z":-0.00033322590752504766,"w":0.9984453320503235},"size":1294.2894287109375,"orthographic":true}