{"cameraMode":{"drawMode":0,"name":"Shaded","section":"Shading Mode"},"sceneLighting":false,"audioPlay":false,"sceneViewState":{"m_AlwaysRefresh":false,"showFog":true,"showSkybox":false,"showFlares":true,"showImageEffects":true,"showParticleSystems":true,"showVisualEffectGraphs":true,"m_FxEnabled":true},"in2DMode":false,"pivot":{"x":8.940696716308594e-8,"y":0.3223405182361603,"z":0.011440740898251534},"rotation":{"x":0.10882411897182465,"y":0.09082501381635666,"z":-0.009985528886318207,"w":0.9898539185523987},"size":0.8664933443069458,"orthographic":true}